{"orders":[{"userLogin":"test3","tourId":"1-1","personalData":[{"firstName":"435345","lastName":"345345","cardNumber":null,"birthDate":null,"age":null,"citizenship":null}]},{"userLogin":"test3","tourId":"1-1","personalData":[{"firstName":"111111","lastName":"1111111","cardNumber":"11111111","birthDate":"2025-04-08T21:00:00.000Z","age":10,"citizenship":"fdfdfpai"}]},{"userLogin":"test3","tourId":"1-1","personalData":[{"firstName":"111111","lastName":"1111111","cardNumber":"11111111","birthDate":"2025-04-08T21:00:00.000Z","age":10,"citizenship":"fdfdfpai"}]},{"userLogin":"test3","tourId":"1-1","personalData":[{"firstName":"111111","lastName":"1111111","cardNumber":"11111111","birthDate":"2025-04-08T21:00:00.000Z","age":10,"citizenship":"fdfdfpai"}]},{"userLogin":"test3","tourId":"1-1","personalData":[{"firstName":"dfdfd","lastName":"dfdfdf","cardNumber":"23232323232","birthDate":"2025-04-01T21:00:00.000Z","age":10,"citizenship":"dfdf"}]}]}