{
    "tours": [
        {
            "id": "1",
            "name": "Mexico",
            "description": "From the south to the center of the country",
            "tourOperator": "LocalAdventures",
            "price": "€2,192",
            "img": "pic1.jpg",
            "locationId": "1fe323",
             "date": "2025-03-04T15:30:46.910Z",
             "type": "single",
             "code": "MX"
        },
        {
            "id": "1-1",
            "name": "Italia, Ocean Cruise",
            "description": "Discover Pearls of France & Italy",
            "tourOperator": "Emerald Waterways",
            "price": "€3,579",
            "img": "pic1.jpg",
                 "locationId": "1fe2gfg233",
                  "date": "2025-03-04T15:30:46.910Z",
             "type": "group",
             "code": "IT"        },
        {
            "id": "2",
            "name": "Pharaohs Nile Cruise Adventure",
            "description": "Start and end in Cairo! ",
            "tourOperator": "LocalAdventures",
            "price": "€1,100",
            "img": "pic2.jpg",
             "locationId": "1fe2gfg233",
              "date": "2025-03-04T15:30:46.910Z",
             "type": "group",
             "code": "AU"
 
        },
        {
            "id": "2-4",
            "name": "Philippines One Life Adventures - 10 Days",
            "description": "Fantastic tour with a variety of activities and enough chill time. Excellent tour.",
            "tourOperator": "Emerald Waterways",
            "price": "€825",
            "img": "pic3.jpg",
             "locationId": "1fe21233",
              "date": "2025-03-04T15:30:46.910Z",
             "type": "group"
        },
        {
            "id": "3",
            "name": "Kilimanjaro climbing machame route 7 days",
            "description": "Start in Machame Camp.",
            "tourOperator": "Bali Bucket List Tours",
            "price": "€761",
            "img": "pic4.jpg",
                    "date": "2025-03-04T15:30:46.910Z",
             "type": "group"
        },
        {
            "id": "4",
            "name": "3 Day Southwest USA National Parks Tour from Las Vegas",
            "description": "Las Vegas, Zion National Park, Bryce Canyon National Park, Antelope Canyon",
            "tourOperator": "BH Lanka Tours",
            "price": "€1200",
            "img": "pic5.jpg",
            "locationId": "1fe2gfg233",
             "date": "2025-03-04T15:30:46.910Z",
             "type": "group",
                "code": "US"
        }, 
        {
            "id": "5",
            "name": "Bali Bucket List Original 10 Day Tour",
            "description": "Canggu, Ubud, Gili Islands, Nusa Lembongan, Nusa Penida, Seminyak",
            "tourOperator": "LocalAdventures",
            "price": "€950",
            "img": "pic6.jpg",
             "locationId": "1fe21233",
              "date": "2025-03-04T15:30:46.910Z",
             "type": "group",
             "code": "VI"
        },
        {
            "id": "6",
            "name": "National Parks Tour 3 Days Small Group Tour from Las Vegas",
            "description": "Las Vegas, Zion National Park, Bryce Canyon National Park, Antelope Canyon",
            "tourOperator": "Emerald Waterways",
            "price": "€1200",
            "img": "pic7.jpg",
             "locationId": "1fe2gfg233",
                              "date": "2025-03-04T15:30:46.910Z",
             "type": "single",
             "code": "US"
        },
        {
            "id": "7",
            "name": "Grand Tour Of Sri Lanka",
            "description": "Negombo, Anuradhapura, Dambulla, Sigiriya, Polonnaruwa, Mahiyanganaya, Kandy",
            "tourOperator": "LocalAdventures",
            "price": "€680",
            "img": "pic8.jpg",
             "locationId": "1fe323",
                              "date": "2025-03-04T15:30:46.910Z",
             "type": "single",
             "code": "LK"
        },
        {
            "id": "8",
            "name": "Southern Treasures - 8 Days",
            "description": "Cusco, Sacred Valley, Ollantaytambo, Aguas Calientes, Machu Picchu, Pisac, Puno",
            "tourOperator": "Emerald Waterways",
            "price": "€1,279",
            "img": "pic9.jpg",
             "locationId": "1fe21233",
                              "date": "2025-03-04T15:30:46.910Z",
             "type": "single"
        },
        {
            "id": "9",
            "name": "Japan One Life Adventures - 10 Days",
            "description": "Tokyo, Hakone, Takayama, Kyoto, Osaka",
            "tourOperator": "LocalAdventures",
            "price": "€1,192",
            "img": "pic1.jpg",
             "locationId": "1fe2gfg233",
                              "date": "2025-03-04T15:30:46.910Z",
             "type": "single",
                 "code": "JP"
        },
        {
            "id": "10",
            "name": "Mexico",
            "description": "From the south to the center of the country",
            "tourOperator": "LocalAdventures",
            "price": "€2,192",
            "img": "ocean.jpg",
            "locationId": "1fe2gfg233",
                             "date": "2025-03-04T15:30:46.910Z",
             "type": "single",
                "code": "MX"
        },
        {
            "id": "11",
            "name": "Italia, Ocean Cruise",
            "description": "Discover Pearls of France & Italy",
            "tourOperator": "Emerald Waterways",
            "price": "€3,579",
            "img": "pic1.jpg",
             "locationId": "1fe21233",
                              "date": "2025-03-04T15:30:46.910Z",
             "type": "single",
               "code": "IT"
        },
        {
            "id": "12",
            "name": "Pharaohs Nile Cruise Adventure",
            "description": "Start and end in Cairo!.",
            "tourOperator": "LocalAdventures",
            "price": "€1,100",
            "img": "pic2.jpg",
            "locationId": "1fe2gfg233",
                             "date": "2025-03-04T15:30:46.910Z",
             "type": "single"
        },
        {
            "id": "13",
            "name": "Philippines One Life Adventures - 10 Days",
            "description": "Fantastic tour with a variety of activities and enough chill time. Excellent tour.",
            "tourOperator": "Emerald Waterways",
            "price": "€825",
            "img": "pic3.jpg",
            "locationId": "1fe2gfg233",
                   "date": "2025-03-04T15:30:46.910Z",
             "type": "single"
        },
        {
            "id": "14",
            "name": "Kilimanjaro climbing machame route 7 days",
            "description": "Start in Machame Camp.",
            "tourOperator": "Bali Bucket List Tours",
            "price": "€761",
            "img": "pic4.jpg",
            "locationId": "1fe323",
               "date": "2025-03-05T15:30:46.910Z",
             "type": "group"
        },
        {
            "id": "15",
            "name": "3 Day Southwest USA National Parks Tour from Las Vegas",
            "description": "Las Vegas, Zion National Park, Bryce Canyon National Park, Antelope Canyon",
            "tourOperator": "BH Lanka Tours",
            "price": "€1200",
            "img": "pic5.jpg",
            "locationId": "1fe2gfg233",
               "date": "2025-03-05T15:30:46.910Z",
             "type": "group",
                "code": "US"
        },
        {
            "id": "16",
            "name": "Bali Bucket List Original 10 Day Tour",
            "description": "Canggu, Ubud, Gili Islands, Nusa Lembongan, Nusa Penida, Seminyak",
            "tourOperator": "LocalAdventures",
            "price": "€950",
            "img": "pic6.jpg",
             "locationId": "1fe21233",
                "date": "2025-03-05T15:30:46.910Z",
             "type": "group",
             "code": "VI"
        },
        {
            "id": "17",
            "name": "National Parks Tour 3 Days Small Group Tour from Las Vegas",
            "description": "Las Vegas, Zion National Park, Bryce Canyon National Park, Antelope Canyon",
            "tourOperator": "Emerald Waterways",
            "price": "€1200",
            "img": "pic7.jpg",
            "locationId": "1fe2gfg233",
              "date": "2025-03-05T15:30:46.910Z",
             "type": "single",
                "code": "US"
        },
        {
            "id": "18",
            "name": "Grand Tour Of Sri Lanka",
            "description": "Negombo, Anuradhapura, Dambulla, Sigiriya, Polonnaruwa, Mahiyanganaya, Kandy",
            "tourOperator": "LocalAdventures",
            "price": "€680",
            "img": "pic8.jpg",
             "locationId": "1fe2gfg233",
                "date": "2025-03-05T15:30:46.910Z",
             "type": "single",
               "code": "LK"
 
        },
        {
            "id": "19",
            "name": "Southern Treasures - 8 Days",
            "description": "Cusco, Sacred Valley, Ollantaytambo, Aguas Calientes, Machu Picchu, Pisac, Puno",
            "tourOperator": "Emerald Waterways",
            "price": "€1,279",
            "img": "pic9.jpg",
             "locationId": "1fe21233",
                "date": "2025-03-05T15:30:46.910Z",
             "type": "single"
        },
        {
            "id": "20",
            "name": "Japan One Life Adventures - 10 Days",
            "description": "Tokyo, Hakone, Takayama, Kyoto, Osaka",
            "tourOperator": "LocalAdventures",
            "price": "€1,192",
            "img": "pic1.jpg",
            "locationId": "1fe2g2233",
               "date": "2025-03-05T15:30:46.910Z",
             "type": "single",
                 "code": "JP"
        },
        {
            "id": "21",
            "name": "Mexico",
            "description": "From the south to the center of the country",
            "tourOperator": "LocalAdventures",
            "price": "€2,192",
            "img": "ocean.jpg",
            "locationId": "1fe2g2233",
                     "date": "2025-03-07T15:30:46.910Z",
             "type": "single",
                "code": "MX"
 
        },
        {
            "id": "22",
            "name": "Italia, Ocean Cruise",
            "description": "Discover Pearls of France & Italy",
            "tourOperator": "Emerald Waterways",
            "price": "€3,579",
            "img": "pic1.jpg",
            "locationId": "1fe2g2233",
                 "date": "2025-03-07T15:30:46.910Z",
             "type": "single",
               "code": "IT"
        },
        {
            "id": "23",
            "name": "Pharaohs new",
            "description": "Start and end in Cairo!",
            "tourOperator": "LocalAdventures",
            "price": "€1,100",
            "img": "pic4.jpg",
             "locationId": "1fe2g2233",
                  "date": "2025-03-04T15:30:46.910Z",
             "type": "group"
        },
        {
            "id": "24",
            "name": "Philippines One Life Adventures - 10 Days",
            "description": "Fantastic tour with a variety of activities and enough chill time. Excellent tour.",
            "tourOperator": "Emerald Waterways",
            "price": "€825",
            "img": "pic3.jpg",
            "locationId": "1fe2g2233",
                 "date": "2025-03-04T15:30:46.910Z",
             "type": "group"
        },
        {
            "id": "25",
            "name": "Kilimanjaro climbing machame route 7 days",
            "description": "Start in Machame Camp",
            "tourOperator": "Bali Bucket List Tours",
            "price": "€761",
            "img": "pic4.jpg",
            "locationId": "1fe2g2233",
             "type": "single",
             "date": "2025-03-02T15:30:46.910Z"
        },
        {
            "id": "26",
            "name": "3 Day Southwest USA National Parks Tour from Las Vegas",
            "description": "Las Vegas, Zion National Park, Bryce Canyon National Park, Antelope Canyon",
            "tourOperator": "BH Lanka Tours",
            "price": "€1200",
            "img": "pic5.jpg",
             "locationId": "1fe21233",
              "date": "2025-03-04T15:30:46.910Z",
             "type": "group",
                "code": "US"
        },
        {
            "id": "27",
            "name": "Bali Bucket List Original 10 Day Tour",
            "description": "Canggu, Ubud, Gili Islands, Nusa Lembongan, Nusa Penida, Seminyak",
            "tourOperator": "LocalAdventures",
            "price": "€950",
            "img": "pic6.jpg",
             "locationId": "1fe21233",
               "date": "2025-01-21T15:30:46.910Z",
             "type": "single",
             "code": "VI"
        },
        {
            "id": "28",
            "name": "National Parks Tour 3 Days Small Group Tour from Las Vegas",
            "description": "Las Vegas, Zion National Park, Bryce Canyon National Park, Antelope Canyon",
            "tourOperator": "Emerald Waterways",
            "price": "€1200",
            "img": "pic7.jpg",
             "locationId": "1fe323",
             "date": "2025-03-05T15:30:46.910Z",
             "type": "single",
                "code": "US"
        },
        {
            "id": "29",
            "name": "Grand Tour Of Sri Lanka",
            "description": "Negombo, Anuradhapura, Dambulla, Sigiriya, Polonnaruwa, Mahiyanganaya, Kandy",
            "tourOperator": "LocalAdventures",
            "price": "€680",
            "img": "pic8.jpg",
             "locationId": "1feas2g2233",
                  "date": "2025-03-11T15:30:46.910Z",
               "type": "single" ,
                 "code": "LK"
        },
        {
            "id": "30",
            "name": "Southern Treasures - 8 Days",
            "description": "Cusco, Sacred Valley, Ollantaytambo, Aguas Calientes, Machu Picchu, Pisac, Puno",
            "tourOperator": "Emerald Waterways",
            "price": "€1,279",
            "img": "pic9.jpg",
             "locationId": "1feas2g2233",
             "date": "2025-03-11T15:30:46.910Z",
               "type": "single"
        },
        {
            "id": "31",
            "name": "Japan One Life Adventures - 10 Days",
            "description": "Tokyo, Hakone, Takayama, Kyoto, Osaka",
            "tourOperator": "LocalAdventures",
            "price": "€1,192",
            "img": "pic1.jpg",
             "locationId": "1feas2g2233",
             "type": "single",
             "code": "JP"
        },
        {
            "createdAt": "2022-11-09T06:25:38.670Z",
            "name": "Mexico",
            "id": "32",
            "citizenship": "sis",
            "description": "From the south to the center of the country",
            "tourOperator": "LocalAdventures",
            "price": "€2,192",
            "img": "ocean.jpg",
            "type": "group",
             "locationId": "1fe21233",
                "code": "MX"
 
        },
        {
            "date": "2025-03-11T15:30:46.910Z",
            "name": "Mexico",
            "id": "33",
            "description": "From the south to the center of the country",
            "tourOperator": "LocalAdventures",
            "price": "€2,192",
            "img": "ocean.jpg",
            "type": "group",
             "locationId": "1feas2g2233",
                "code": "MX"
        },
        {
            "date": "2025-03-11T15:30:46.910Z",
            "name": "Mexico",
            "id": "34",
            "description": "From the south to the center of the country",
            "tourOperator": "LocalAdventures",
            "price": "€2,192",
            "img": "ocean.jpg",
             "locationId": "1feas2g2233",
             "type": "group",
                "code": "MX"
        }
    ]
}