{
  "hash": "a76adad4",
  "configHash": "9bbb8efa",
  "lockfileHash": "e7bce6d1",
  "browserHash": "83436b31",
  "optimized": {
    "@angular/common": {
      "src": "../../../../../../node_modules/@angular/common/fesm2022/common.mjs",
      "file": "@angular_common.js",
      "fileHash": "83fefcdf",
      "needsInterop": false
    },
    "@angular/common/http": {
      "src": "../../../../../../node_modules/@angular/common/fesm2022/http.mjs",
      "file": "@angular_common_http.js",
      "fileHash": "f0d86c4a",
      "needsInterop": false
    },
    "@angular/common/locales/ru": {
      "src": "../../../../../../node_modules/@angular/common/locales/ru.mjs",
      "file": "@angular_common_locales_ru.js",
      "fileHash": "f06a0d6c",
      "needsInterop": false
    },
    "@angular/core": {
      "src": "../../../../../../node_modules/@angular/core/fesm2022/core.mjs",
      "file": "@angular_core.js",
      "fileHash": "81d55a56",
      "needsInterop": false
    },
    "@angular/forms": {
      "src": "../../../../../../node_modules/@angular/forms/fesm2022/forms.mjs",
      "file": "@angular_forms.js",
      "fileHash": "fa1998c9",
      "needsInterop": false
    },
    "@angular/platform-browser": {
      "src": "../../../../../../node_modules/@angular/platform-browser/fesm2022/platform-browser.mjs",
      "file": "@angular_platform-browser.js",
      "fileHash": "5d365eab",
      "needsInterop": false
    },
    "@angular/platform-browser/animations/async": {
      "src": "../../../../../../node_modules/@angular/platform-browser/fesm2022/animations/async.mjs",
      "file": "@angular_platform-browser_animations_async.js",
      "fileHash": "a9f42342",
      "needsInterop": false
    },
    "@angular/router": {
      "src": "../../../../../../node_modules/@angular/router/fesm2022/router.mjs",
      "file": "@angular_router.js",
      "fileHash": "57f560b8",
      "needsInterop": false
    },
    "@primeng/themes/aura": {
      "src": "../../../../../../node_modules/@primeng/themes/aura/index.mjs",
      "file": "@primeng_themes_aura.js",
      "fileHash": "1cef34a6",
      "needsInterop": false
    },
    "date-fns": {
      "src": "../../../../../../node_modules/date-fns/index.js",
      "file": "date-fns.js",
      "fileHash": "1efd21d1",
      "needsInterop": false
    },
    "ol/Map.js": {
      "src": "../../../../../../node_modules/ol/Map.js",
      "file": "ol_Map__js.js",
      "fileHash": "84325ad5",
      "needsInterop": false
    },
    "ol/View.js": {
      "src": "../../../../../../node_modules/ol/View.js",
      "file": "ol_View__js.js",
      "fileHash": "2d16387c",
      "needsInterop": false
    },
    "ol/layer/Tile.js": {
      "src": "../../../../../../node_modules/ol/layer/Tile.js",
      "file": "ol_layer_Tile__js.js",
      "fileHash": "72d8b458",
      "needsInterop": false
    },
    "ol/proj": {
      "src": "../../../../../../node_modules/ol/proj.js",
      "file": "ol_proj.js",
      "fileHash": "2fe2f93b",
      "needsInterop": false
    },
    "ol/source/OSM.js": {
      "src": "../../../../../../node_modules/ol/source/OSM.js",
      "file": "ol_source_OSM__js.js",
      "fileHash": "562c3b54",
      "needsInterop": false
    },
    "primeng/api": {
      "src": "../../../../../../node_modules/primeng/fesm2022/primeng-api.mjs",
      "file": "primeng_api.js",
      "fileHash": "0f334cda",
      "needsInterop": false
    },
    "primeng/button": {
      "src": "../../../../../../node_modules/primeng/fesm2022/primeng-button.mjs",
      "file": "primeng_button.js",
      "fileHash": "7946de00",
      "needsInterop": false
    },
    "primeng/card": {
      "src": "../../../../../../node_modules/primeng/fesm2022/primeng-card.mjs",
      "file": "primeng_card.js",
      "fileHash": "04017de8",
      "needsInterop": false
    },
    "primeng/checkbox": {
      "src": "../../../../../../node_modules/primeng/fesm2022/primeng-checkbox.mjs",
      "file": "primeng_checkbox.js",
      "fileHash": "79892538",
      "needsInterop": false
    },
    "primeng/config": {
      "src": "../../../../../../node_modules/primeng/fesm2022/primeng-config.mjs",
      "file": "primeng_config.js",
      "fileHash": "d2f2962a",
      "needsInterop": false
    },
    "primeng/datepicker": {
      "src": "../../../../../../node_modules/primeng/fesm2022/primeng-datepicker.mjs",
      "file": "primeng_datepicker.js",
      "fileHash": "c4dde09f",
      "needsInterop": false
    },
    "primeng/dialog": {
      "src": "../../../../../../node_modules/primeng/fesm2022/primeng-dialog.mjs",
      "file": "primeng_dialog.js",
      "fileHash": "0e41356c",
      "needsInterop": false
    },
    "primeng/galleria": {
      "src": "../../../../../../node_modules/primeng/fesm2022/primeng-galleria.mjs",
      "file": "primeng_galleria.js",
      "fileHash": "69a700cb",
      "needsInterop": false
    },
    "primeng/inputgroup": {
      "src": "../../../../../../node_modules/primeng/fesm2022/primeng-inputgroup.mjs",
      "file": "primeng_inputgroup.js",
      "fileHash": "a69f7ef4",
      "needsInterop": false
    },
    "primeng/inputgroupaddon": {
      "src": "../../../../../../node_modules/primeng/fesm2022/primeng-inputgroupaddon.mjs",
      "file": "primeng_inputgroupaddon.js",
      "fileHash": "67ac42a6",
      "needsInterop": false
    },
    "primeng/inputnumber": {
      "src": "../../../../../../node_modules/primeng/fesm2022/primeng-inputnumber.mjs",
      "file": "primeng_inputnumber.js",
      "fileHash": "3b66a3d9",
      "needsInterop": false
    },
    "primeng/inputtext": {
      "src": "../../../../../../node_modules/primeng/fesm2022/primeng-inputtext.mjs",
      "file": "primeng_inputtext.js",
      "fileHash": "344ca27f",
      "needsInterop": false
    },
    "primeng/menubar": {
      "src": "../../../../../../node_modules/primeng/fesm2022/primeng-menubar.mjs",
      "file": "primeng_menubar.js",
      "fileHash": "61570570",
      "needsInterop": false
    },
    "primeng/overlaybadge": {
      "src": "../../../../../../node_modules/primeng/fesm2022/primeng-overlaybadge.mjs",
      "file": "primeng_overlaybadge.js",
      "fileHash": "b26a4f91",
      "needsInterop": false
    },
    "primeng/password": {
      "src": "../../../../../../node_modules/primeng/fesm2022/primeng-password.mjs",
      "file": "primeng_password.js",
      "fileHash": "980f4895",
      "needsInterop": false
    },
    "primeng/progressspinner": {
      "src": "../../../../../../node_modules/primeng/fesm2022/primeng-progressspinner.mjs",
      "file": "primeng_progressspinner.js",
      "fileHash": "cd1c9f18",
      "needsInterop": false
    },
    "primeng/select": {
      "src": "../../../../../../node_modules/primeng/fesm2022/primeng-select.mjs",
      "file": "primeng_select.js",
      "fileHash": "eb48e053",
      "needsInterop": false
    },
    "primeng/tabs": {
      "src": "../../../../../../node_modules/primeng/fesm2022/primeng-tabs.mjs",
      "file": "primeng_tabs.js",
      "fileHash": "805b80dc",
      "needsInterop": false
    },
    "primeng/toast": {
      "src": "../../../../../../node_modules/primeng/fesm2022/primeng-toast.mjs",
      "file": "primeng_toast.js",
      "fileHash": "febb4398",
      "needsInterop": false
    },
    "rxjs": {
      "src": "../../../../../../node_modules/rxjs/dist/esm5/index.js",
      "file": "rxjs.js",
      "fileHash": "2807642d",
      "needsInterop": false
    },
    "rxjs/operators": {
      "src": "../../../../../../node_modules/rxjs/dist/esm5/operators/index.js",
      "file": "rxjs_operators.js",
      "fileHash": "f45d4cad",
      "needsInterop": false
    },
    "primeng/table": {
      "src": "../../../../../../node_modules/primeng/fesm2022/primeng-table.mjs",
      "file": "primeng_table.js",
      "fileHash": "4f8d1832",
      "needsInterop": false
    },
    "primeng/scroller": {
      "src": "../../../../../../node_modules/primeng/fesm2022/primeng-scroller.mjs",
      "file": "primeng_scroller.js",
      "fileHash": "801cf9b3",
      "needsInterop": false
    },
    "primeng/calendar": {
      "src": "../../../../../../node_modules/primeng/fesm2022/primeng-calendar.mjs",
      "file": "primeng_calendar.js",
      "fileHash": "7f19ef2c",
      "needsInterop": false
    }
  },
  "chunks": {
    "browser-25H35RLJ": {
      "file": "browser-25H35RLJ.js"
    },
    "chunk-SFKLCZIL": {
      "file": "chunk-SFKLCZIL.js"
    },
    "chunk-SMDPUX2F": {
      "file": "chunk-SMDPUX2F.js"
    },
    "chunk-2G5CTPFA": {
      "file": "chunk-2G5CTPFA.js"
    },
    "chunk-N5KYVB67": {
      "file": "chunk-N5KYVB67.js"
    },
    "chunk-APHYB2V3": {
      "file": "chunk-APHYB2V3.js"
    },
    "chunk-6MTPP4K5": {
      "file": "chunk-6MTPP4K5.js"
    },
    "chunk-KLUBGLUU": {
      "file": "chunk-KLUBGLUU.js"
    },
    "chunk-GRNUHQTJ": {
      "file": "chunk-GRNUHQTJ.js"
    },
    "chunk-KYAXOOPY": {
      "file": "chunk-KYAXOOPY.js"
    },
    "chunk-HG6RZFUF": {
      "file": "chunk-HG6RZFUF.js"
    },
    "chunk-LPFDFFBA": {
      "file": "chunk-LPFDFFBA.js"
    },
    "chunk-NAUVDBGI": {
      "file": "chunk-NAUVDBGI.js"
    },
    "chunk-25OOF6EL": {
      "file": "chunk-25OOF6EL.js"
    },
    "chunk-B6EJLN3P": {
      "file": "chunk-B6EJLN3P.js"
    },
    "chunk-5CHIOPTZ": {
      "file": "chunk-5CHIOPTZ.js"
    },
    "chunk-JPI7LJF4": {
      "file": "chunk-JPI7LJF4.js"
    },
    "chunk-RTMXX6PE": {
      "file": "chunk-RTMXX6PE.js"
    },
    "chunk-4XRHPD32": {
      "file": "chunk-4XRHPD32.js"
    },
    "chunk-5G7WYC4N": {
      "file": "chunk-5G7WYC4N.js"
    },
    "chunk-4VTNWIGU": {
      "file": "chunk-4VTNWIGU.js"
    },
    "chunk-NMOYQVAO": {
      "file": "chunk-NMOYQVAO.js"
    },
    "chunk-ALE5R37G": {
      "file": "chunk-ALE5R37G.js"
    },
    "chunk-2EJFR2ZZ": {
      "file": "chunk-2EJFR2ZZ.js"
    },
    "chunk-4GHOCT23": {
      "file": "chunk-4GHOCT23.js"
    },
    "chunk-GC25I64Q": {
      "file": "chunk-GC25I64Q.js"
    },
    "chunk-UFQJBBTC": {
      "file": "chunk-UFQJBBTC.js"
    },
    "chunk-UKWOTHL4": {
      "file": "chunk-UKWOTHL4.js"
    },
    "chunk-RL4PNVYE": {
      "file": "chunk-RL4PNVYE.js"
    },
    "chunk-SV2IHZY6": {
      "file": "chunk-SV2IHZY6.js"
    },
    "chunk-X23G7ZNV": {
      "file": "chunk-X23G7ZNV.js"
    },
    "chunk-7UAGZOV6": {
      "file": "chunk-7UAGZOV6.js"
    },
    "chunk-WPM5VTLQ": {
      "file": "chunk-WPM5VTLQ.js"
    },
    "chunk-PEBH6BBU": {
      "file": "chunk-PEBH6BBU.js"
    },
    "chunk-4S3KYZTJ": {
      "file": "chunk-4S3KYZTJ.js"
    },
    "chunk-WDMUDEB6": {
      "file": "chunk-WDMUDEB6.js"
    }
  }
}